Year,AvgForwardRate,PlusTwoSD
1,4.01821172,5.16644108
2,3.424326086,5.797054425
3,3.460948532,6.73792573
4,3.634660317,7.6019099
5,3.781298495,8.267545168
6,3.893893798,8.854128176
7,3.981781091,9.311639543
8,4.04755787,9.80598901
9,4.112340923,10.19031253
10,4.181604565,10.47970479
